<?xml version="1.0" encoding="UTF-8"?>
<!DOCTYPE mapper PUBLIC "-//mybatis.org//DTD Mapper 3.0//EN"
  "http://mybatis.org/dtd/mybatis-3-mapper.dtd">

<mapper namespace="com.flab.fkream.mapper.PaymentCardMapper">
  <resultMap id="PaymentCardResultMap" type="com.flab.fkream.paymentCard.PaymentCard">
    <id property="id" column="id"/>
    <result property="userId" column="user_id"/>
    <result property="cardCompany" column="card_company"/>
    <result property="cardNumber" column="card_number"/>
    <result property="expiration" column="expiration"/>
    <result property="createdAt" column="created_at"/>
  </resultMap>

  <insert id='save' useGeneratedKeys="true" keyProperty="id"
    parameterType="com.flab.fkream.paymentCard.PaymentCard">
    insert into payment_card (user_id, card_company, card_number, expiration, card_pw, created_at)
    values (#{userId}, #{cardCompany}, #{cardNumber}, #{expiration},
            #{cardPw}, #{createdAt})
  </insert>

  <select id="findByUserId" resultMap="PaymentCardResultMap">
    select *
    from payment_card
    where user_id = #{userId}
  </select>

  <select id="findById" resultMap="PaymentCardResultMap">
    select *
    from payment_card
    where id = #{id}
  </select>


  <delete id="delete">
    delete
    from payment_card
    where id = #{id}
  </delete>
</mapper>